Id,Label
0,1.9077460919
1,-1.07353962117
2,-0.0252506559513
3,0.33221980265
4,-0.44856284644
5,-1.10139905713
6,0.195231318826
7,-1.80334918252
8,0.494181747448
9,-0.0632771180232
10,0.7227816234
11,0.199110373233
12,0.407641862831
13,-1.58890683846
14,-0.163563637172
15,0.593983992419
16,-0.18274137329
17,-0.978058497528
18,1.37109978834
19,-2.61807113497
20,0.7512973498
21,-1.04268320462
22,-0.900361808437
23,0.0113704028558
24,0.391774993762
25,1.32799331002
26,-0.669026089935
27,0.229482415722
28,-1.78733268655
29,-0.402850054255
30,0.308049400306
31,0.565465221804
32,-0.71665238877
33,-0.948012769403
34,0.150389446569
35,1.42974397239
36,-1.22095162862
37,0.414175270844
38,0.208261564739
39,-1.20164723199
40,0.289666210476
41,-0.551648085173
42,-1.69296970292
43,1.02971438335
44,0.351609064469
45,0.623671191284
46,0.25328443911
47,1.77148937996
48,-1.4706333809
49,-2.10094636211
50,-1.4076707219
51,0.329024637907
52,-0.960595353269
53,2.47804339123
54,-1.35928459687
55,2.64313496983
56,-0.672564183839
57,1.60623735595
58,-0.303063572028
59,0.181379405511
60,-0.410600901284
61,-1.37777334637
62,-0.323112777936
63,0.787432349016
64,0.103252106774
65,-2.16158475357
66,1.53061553226
67,-0.707900876998
68,1.21162854583
69,0.610291229183
70,-0.699053774399
71,0.193158116223
72,0.663017246754
73,0.419908620872
74,0.853709409882
75,-0.911729452559
76,-0.10131215415
77,0.99396761588
78,1.07184417302
79,-1.22581424944
80,0.577305967554
81,-1.2908977637
82,-1.86562497145
83,-0.92439728929
84,-1.52398622105
85,0.146681698335
86,1.03718202906
87,-0.845367840487
88,-0.373133423874
89,1.77434110159
90,0.278152118885
91,1.37248461566
92,-0.271801603586
93,0.505158677327
94,0.756085278583
95,-0.632001922566
96,-1.41298077927
97,0.380849601672
98,0.787698644763
99,0.070887154265
100,1.00851945882
101,0.779287494237
102,0.747099514038
103,-1.32973269146
104,0.724219084437
105,-1.53821843355
106,1.43730064509
107,2.00709180002
108,-1.5715920538
109,2.49958776739
110,-0.729360669579
111,0.0987594120873
112,1.16337081851
113,0.729738385372
114,-0.434742472376
115,-1.05137722973
116,-0.247377642067
117,0.137899504899
118,-0.417105366232
119,-0.257994579555
120,-0.422376298214
121,-0.883598300399
122,-0.261172146671
123,1.42945775891
124,0.137918212235
125,0.293523108046
126,0.187506039172
127,1.87263513859
128,-0.238174746925
129,1.43067527257
130,0.877384358357
131,0.562301464688
132,-1.28383493289
133,0.685207722866
134,-1.11227169321
135,-1.1926116951
136,-1.08559766128
137,-0.664841845856
138,0.352667074482
139,0.739941765035
140,-0.261525981678
141,-0.415445683678
142,-0.808502795272
143,0.513859047759
144,0.0527220826433
145,-0.467446084929
146,-0.0776443864149
147,2.15670074254
148,0.656110087015
149,-0.282403249105
150,0.348739145255
151,-1.96168855985
152,-0.00286298426701
153,0.530568915958
154,0.190952790733
155,2.68149747058
156,-0.869697747032
157,0.926228652321
158,1.09725724345
159,3.15623783404
160,-1.67046887486
161,0.0162601634049
162,-2.40785569475
163,0.467372658164
164,-0.228356903691
165,-0.503528287499
166,-0.825996021626
167,0.74928665973
168,0.364769059377
169,-1.5263792199
170,0.15471358739
171,-0.0446383930929
172,0.472190114845
173,0.516592325924
174,-0.580849001176
175,-0.996879550269
176,0.529556498241
177,0.127258584797
178,-1.40828427784
179,-1.09254924676
180,0.192157217738
181,-1.3173721729
182,-0.655816949353
183,1.3731969069
184,0.640983001563
185,-0.541350776542
186,1.69531733249
187,0.193949603948
188,0.727633132312
189,0.10910116552
190,0.741414145558
191,0.332927484789
192,-3.08884730665
193,-0.77911809676
194,1.01466413863
195,-1.7631569621
196,1.51207552141
197,-0.790397294524
198,1.02673602335
199,0.624055648229
200,1.81172453428
201,1.39668820476
202,-0.014624620873
203,0.435902378148
204,0.46373860729
205,-1.57983130862
206,0.705626880355
207,1.77134467947
208,1.03817103483
209,0.514114474317
210,-1.18537981905
211,0.194527746048
212,0.713991035101
213,-0.309117064384
214,-0.545237656062
215,-0.694048819985
216,-0.341616269686
217,-0.248904917591
218,-1.45180850116
219,-0.71746116898
220,-0.361833141352
221,0.412837679315
222,0.713145344095
223,0.0537549178079
224,0.347153593426
225,0.75353848217
226,1.49007880761
227,-0.363670888459
228,0.173734989091
229,-0.707906767818
230,1.4358785797
231,0.367502548706
232,-0.50725713027
233,0.753584880649
234,1.63927668242
235,-1.00521516259
236,1.15527246807
237,-0.433024404401
238,-0.048711004383
239,-1.10436060487
240,-0.44247116596
241,-0.420078728001
242,-0.561169427013
243,-1.72742977716
244,1.05915854006
245,-1.39010895817
246,-0.120416543206
247,-0.0156662477441
248,-0.259403499343
249,-0.872287988249
250,0.626609580793
251,-0.428620601456
252,-1.0351840012
253,1.43214328493
254,0.451900164743
255,0.960863081298
256,0.209589386888
257,-1.59906746865
258,-0.747709289425
259,-0.437504211764
260,-0.405092208319
261,-0.228908665932
262,-0.322779816253
263,-1.01371721513
264,0.163478540879
265,-0.336688366107
266,-0.436730622281
267,0.808521262951
268,-1.27973387669
269,1.65001924329
270,-0.57696454345
271,-0.578799851983
272,0.0242608300914
273,-0.134033253003
274,0.87793343791
275,0.0204334420571
276,0.0205784699015
277,-0.198398680324
278,-0.276148235678
279,0.779475379869
280,-1.27049583116
281,-0.503894688435
282,0.490229943916
283,-1.06142384324
284,-1.20265719341
285,1.63951191496
286,0.181611027155
287,-0.407593510678
288,-2.37639788483
289,1.27237061334
290,-0.31668119278
291,1.06520847205
292,-0.531889404065
293,0.40696743122
294,-0.549304761841
295,-0.625128307994
296,-0.387557789164
297,-0.173841429786
298,-1.15061376694
299,0.534668695855
300,1.55692119396
301,0.809497226609
302,-0.542188999578
303,1.47453185864
304,-1.05268478437
305,0.2742377034
306,1.22508507087
307,0.913296486536
308,-0.24559734626
309,-0.658102512678
310,0.547467219292
311,1.76321772854
312,-0.857395236735
313,-1.33655766033
314,-0.281596977512
315,-0.848664243779
316,0.173668062056
317,-0.799932655795
318,-1.78546587025
319,-0.405491477141
320,0.18568944194
321,-0.833196028509
322,-0.188218672629
323,0.376214063627
324,-0.0769259042962
325,-0.676317618207
326,0.230326222844
327,0.341032512419
328,1.17310275443
329,-0.419342901995
330,-0.382308561445
331,1.22858237948
332,-0.737671946179
333,-0.313878901317
334,1.40512138097
335,0.965696503245
336,-0.535091637372
337,-1.3829634847
338,-0.885453282459
339,0.384062782053
340,-0.0454731156914
341,0.204878554541
342,-0.819540606933
343,-0.512638803318
344,0.913281267865
345,-0.847454543019
346,-0.818224234805
347,2.41149977881
348,0.975526849759
349,-0.727434526554
350,-1.66768324603
351,0.466606062977
352,-1.54672793461
353,-0.107139063213
354,-1.57437182598
355,-0.0363960543966
356,0.835549072341
357,1.60233025164
358,-1.56373930904
359,-1.67892916338
360,-1.931500654
361,-1.87649023284
362,0.142445996022
363,-1.12164145678
364,-0.276405004034
365,1.08564852361
366,-0.105685845757
367,0.42069472582
368,0.580250231325
369,-0.0143309895998
370,-1.20107947389
371,1.37619135416
372,-0.861541458149
373,0.767626381067
374,0.951919095929
375,-0.567252017342
376,0.604122804573
377,-1.32851706515
378,-0.809918850127
379,-1.19646290038
380,-0.318217665014
381,-0.366411572189
382,-0.744430271419
383,-0.200667227909
384,-1.29153063244
385,0.289495161748
386,0.287057499569
387,-0.193224123171
388,0.161151560417
389,1.29160530989
390,-0.428570439987
391,-0.0767130148945
392,2.31538016439
393,0.858535438391
394,-0.831941725845
395,1.23043338533
396,0.405985035455
397,-0.360137236767
398,-1.36186168447
399,-0.456192914765
400,-2.59556908194
401,0.356528345269
402,0.431780700508
403,0.475876286382
404,-0.947647422331
405,0.646450694119
406,0.177168455795
407,0.30340112075
408,0.241377289181
409,0.565505438731
410,-0.0974666989193
411,1.20180997242
412,-0.542240315783
413,0.00521786168285
414,0.667714252933
415,-1.23900766176
416,0.509901271998
417,-1.4098038707
418,-0.580941916314
419,0.33929993385
420,-1.04279410973
421,-0.523675974514
422,-0.0122051939439
423,-0.238852856068
424,0.195415104271
425,0.157902977914
426,0.459349262975
427,-0.582831540987
428,-2.32324987457
429,0.222814288358
430,0.154006219045
431,0.51475875397
432,-2.48908068037
433,0.16772594799
434,-0.74663776225
435,0.433227576269
436,-0.415984979642
437,-0.717042871962
438,0.797658976764
439,0.546812353544
440,0.278082387151
441,-0.20978469472
442,-0.794415974145
443,0.306367447932
444,1.99628216649
445,0.710688536357
446,0.906426965619
447,-1.89736263742
448,1.60511869112
449,-1.54339039417
450,-0.881229732169
451,-0.908698750544
452,0.959069731577
453,-0.144799092166
454,-1.11017296679
455,0.877317615198
456,-2.04202033989
457,-0.239708090082
458,0.0782438747567
459,0.116889734942
460,1.35102240482
461,0.843104986427
462,-0.581713381895
463,-0.0913604960727
464,-0.602592521507
465,-0.701372015412
466,0.699291693449
467,-0.423210671964
468,1.20997104102
469,-0.186417619182
470,-0.0913567000573
471,-0.627504859629
472,0.316232621094
473,-0.473302565176
474,0.530919494365
475,1.21849256784
476,0.939733517854
477,-0.550407958392
478,-0.325457058911
479,0.00694046108558
480,-0.302953073186
481,0.339674027029
482,-0.388828037774
483,-0.171164351176
484,-0.252033877594
485,0.951727806437
486,0.523264008201
487,-1.05480986322
488,-0.587870382731
489,1.62158074203
490,0.412027828234
491,-1.54665523022
492,0.225496608726
493,0.0184620756959
494,1.07370587107
495,-1.6725411108
496,-0.741785020135
497,-1.04203492175
498,-0.315435406616
499,-0.248666074706
500,-0.705081971709
501,-0.499338408587
502,-1.14509557273
503,-0.47333188634
504,-1.25520297135
505,0.0094995896218
506,-0.717609473693
507,0.986325515056
508,0.257812218561
509,0.236990127395
510,-0.441085101941
511,0.961754722254
512,1.65134291546
513,1.12816877252
514,3.18233543331
515,-1.60293089274
516,-0.251944689903
517,-0.214155020199
518,1.97812829177
519,0.19703348716
520,-1.99021473259
521,0.63902930725
522,2.0786657439
523,0.950967414642
524,-0.756578842254
525,-0.328642940518
526,-1.15090629889
527,-0.602644212757
528,-0.372736761559
529,-0.109778452196
530,-0.431719770437
531,-0.363525639583
532,-1.10680784813
533,-2.44517227819
534,-1.01587698697
535,-1.00710448007
536,-0.407300246317
537,0.603171206985
538,0.507959796475
539,0.774451297383
540,-1.89336643275
541,0.137470030481
542,-0.219365909972
543,-0.988154203742
544,0.121625376918
545,1.64421378803
546,0.085278400097
547,0.308444666346
548,-2.23369541745
549,0.22380442172
550,1.8081830162
551,0.414549751828
552,-0.310795647442
553,1.47137481852
554,1.14504053658
555,0.028491275809
556,-0.774660253066
557,-0.913825459457
558,0.903100055429
559,1.0821336377
560,0.108448483612
561,-0.495870583948
562,-0.31577434557
563,0.795652920878
564,0.778577994021
565,0.812165550226
566,0.651569832649
567,0.346279647905
568,-0.103228634227
569,0.0848055877041
570,-2.17316312968
571,-0.344689719233
572,-0.339136290411
573,-0.292389998886
574,0.981475476766
575,-0.533613125406
576,-0.283334900407
577,-0.10510910304
578,0.920614142973
579,-1.32977437663
580,-1.77646641487
581,0.768360843602
582,-0.643848220787
583,-0.648910126855
584,0.485545907385
585,0.556363600266
586,-1.09852692332
587,1.19293149867
588,-0.576732484221
589,1.53397591252
590,-0.173537208067
591,-0.713370163407
592,1.22842240274
593,-0.905502812834
594,0.557961278937
595,1.39067174412
596,1.37887894094
597,0.377763363655
598,-1.2399761897
599,-0.8739934187
600,1.52112708865
601,-0.522659193844
602,1.09435580089
603,0.78188717645
604,0.151148969611
605,-1.20744720237
606,-1.85940567251
607,0.501806836121
608,1.26523770713
609,1.05940255718
610,2.07177233484
611,-1.64929760457
612,-0.737700247765
613,-0.550353749194
614,2.53643841951
615,0.390913830319
616,-1.11162631376
617,-0.960539445006
618,0.922637666986
619,-2.29096610466
620,0.856307835679
621,0.860116267682
622,0.798155184253
623,0.447309856111
624,-1.5115158717
625,-1.20314443487
626,1.16867876748
627,-0.841983637799
628,0.602476345419
629,1.49425026546
630,-1.0247222149
631,-1.39562922021
632,1.32379636919
633,-1.82410077828
634,-0.47362314175
635,-1.13465216181
636,-0.767838383917
637,0.813269673444
638,1.09351097519
639,0.247589653849
640,0.108519336908
641,-0.225355075568
642,-0.459817130011
643,-1.06177074825
644,1.04985747688
645,-0.964224804727
646,0.625274855849
647,-0.0464417902848
648,0.465946754521
649,0.571803472798
650,-1.66355053303
651,0.908473956072
652,-1.35017229189
653,0.80432987781
654,0.21753893173
655,-0.391831536815
656,-0.831562469711
657,1.03024887174
658,-0.173144818051
659,0.177740022985
660,-0.397250973536
661,0.780913135381
662,0.292354937637
663,0.843134810294
664,-0.203482702709
665,0.629072427375
666,1.17652712343
667,-0.176348852675
668,1.05993083669
669,1.00879344602
670,1.22135556114
671,-0.109936016195
672,2.13920353382
673,-1.48932603135
674,-1.00485809293
675,-1.04669831437
676,-0.709500479823
677,-1.42669598875
678,-0.863929002416
679,-1.07309269369
680,-0.711192398117
681,0.776418537046
682,0.160926158302
683,-0.171085977267
684,1.04957395299
685,-0.758762166821
686,0.873731858394
687,0.522327678205
688,-1.95920988953
689,1.05722251217
690,1.25760150739
691,0.400407020529
692,-0.956007998806
693,-1.21619446522
694,-0.188283576113
695,-0.281480607242
696,-0.898936450663
697,0.5625571645
698,-1.65678846284
699,0.576672963893
700,-1.04469727984
701,-1.46602434858
702,0.0716838540855
703,1.12212650463
704,-0.0175955392843
705,0.213497251795
706,-0.398380917288
707,1.1500811252
708,0.59504955994
709,0.00856926151294
710,-0.7218487592
711,0.33551675608
712,-0.0880719629018
713,1.54825523709
714,0.08797006222
715,-0.133478949767
716,-0.648934694032
717,1.19556971733
718,1.61736636511
719,-0.612207394495
720,-0.886557358911
721,0.542073249484
722,0.916637757171
723,1.34023787488
724,-0.91394342503
725,1.01619595949
726,0.55212289383
727,-0.177460899973
728,-1.59610213339
729,-0.277192458819
730,-1.7228748125
731,1.34714930143
732,0.279728274078
733,-0.445161757474
734,-1.43564912476
735,-0.171809171397
736,-0.385453230186
737,0.589167817837
738,0.735235542861
739,-0.907629851881
740,-2.17699708464
741,0.367663016967
742,-1.02909704233
743,1.68588831921
744,1.14009166946
745,-1.60714105943
746,-0.976757901392
747,-1.06619196421
748,0.654715995431
749,-1.1892223232
750,-0.513184142277
751,0.480716535728
752,-1.65395981166
753,-0.82224668591
754,-0.713301157478
755,0.0130709658813
756,0.0496628388266
757,-0.187158112364
758,0.267585582688
759,-1.23516164945
760,-1.13285465367
761,-1.72322641558
762,0.761282648794
763,-0.856980481929
764,0.93720960016
765,0.815930499671
766,-0.212308216571
767,0.419796532035
768,2.07545686742
769,-0.845580819127
770,-2.12933869327
771,0.175940456993
772,-0.119833847068
773,0.367424243944
774,0.547390723367
775,-0.220135590418
776,0.423001114082
777,-0.205086257264
778,-0.634967675741
779,1.19369107425
780,-0.8032947086
781,-2.04464942625
782,0.570166185459
783,-1.13219271376
784,1.23272673982
785,1.13341020069
786,-2.16333344829
787,0.179942716468
788,0.920774774454
789,0.109968925073
790,2.0012915027
791,-0.0734084539829
792,0.212326684262
793,-0.363498293577
794,2.53498434651
795,0.128717830961
796,0.321711027351
797,-1.56298613697
798,0.795376014263
799,0.507860777941
800,-0.680703230241
801,-0.0193273537734
802,0.831671126965
803,-0.50724595888
804,-1.29372927218
805,0.541713257692
806,-0.274453283785
807,0.670293927036
808,-0.385321062234
809,0.969476711613
810,0.4383477948
811,-0.0618647958302
812,-0.675820175672
813,0.877239686627
814,-1.01041616501
815,0.496289554076
816,0.510132620153
817,0.860327175315
818,-1.3256862634
819,0.104319761386
820,-1.45854141337
821,0.0233607264875
822,0.180813429385
823,0.0144398584655
824,0.250508534561
825,-0.20781999756
826,0.048626616625
827,1.01424971723
828,1.10807101171
829,-0.436205239182
830,-1.22572675803
831,-0.698604865926
832,1.01682441787
833,0.387665952319
834,0.168638930188
835,0.459093849278
836,2.29313962479
837,-0.187782717512
838,-0.619171677934
839,0.438570194097
840,0.219057658555
841,-0.80299999747
842,0.541588877308
843,0.153026798183
844,-0.840960588152
845,1.25756551663
846,-1.59275915172
847,2.09149920611
848,0.599810532946
849,0.591491583475
850,1.39900660085
851,0.438557221016
852,-1.05065797022
853,-0.303180306043
854,1.02993021306
855,-0.377142530553
856,-1.15097867693
857,-0.0926737801121
858,-1.30359728503
859,0.304646700845
860,-2.07037338386
861,1.19827054713
862,-1.83686987834
863,-0.469826529816
864,-0.839730869323
865,0.229686387857
866,0.157234734878
867,-0.596223945666
868,-0.0232268737924
869,-0.502381901327
870,-0.926418777206
871,-0.392197574407
872,0.885349743116
873,0.528647137196
874,1.50010884865
875,-1.37564177101
876,0.671978592469
877,-0.200891379625
878,-0.702403050161
879,0.748362404594
880,-0.180141658318
881,-2.27759866482
882,-0.155806515616
883,0.612833798779
884,-0.469073794759
885,1.17367334812
886,-0.0588631465681
887,-0.0554813292553
888,0.587650347891
889,-1.31304621467
890,-1.24759256149
891,0.58341578877
892,1.88282562582
893,0.449360500772
894,0.68462823979
895,-0.431577179577
896,-1.06937700882
897,-1.98654042414
898,-0.861993638135
899,-0.373652049389
900,0.307635660518
901,0.346306586814
902,0.236264862206
903,0.842803131824
904,1.27220706976
905,1.16354491174
906,-0.379596589319
907,-0.244176011719
908,-0.564003415099
909,0.618587744894
910,0.497902815792
911,0.852633752882
912,-0.0298702125689
913,-0.34147642777
914,0.265834186056
915,-1.22439976189
916,-1.18292019453
917,-0.751488730317
918,-1.48678689204
919,-0.209681042
920,0.884488904571
921,0.368345921441
922,0.750886111249
923,-0.41137316151
924,-0.127657905592
925,1.49452494831
926,-1.106423415
927,0.641957080686
928,0.602733913985
929,1.85706085373
930,-0.861279022521
931,-2.43508392915
932,-0.555540802442
933,-0.0130868455794
934,-1.64970146141
935,0.518282026928
936,0.428810387811
937,-2.32247782272
938,1.83397659934
939,-1.5643560137
940,1.52573456024
941,-0.77227429541
942,-0.643790667001
943,-0.580401200388
944,0.256528248295
945,0.671487339295
946,0.0830690106354
947,0.418050354929
948,-1.06184587331
949,0.0653354379044
950,1.06547763991
951,0.781653123848
952,-0.46549403529
953,-0.816055884705
954,0.654003993999
955,-0.052241139965
956,-1.64478869748
957,-0.821602162368
958,1.5911202158
959,0.219617530322
960,-0.356351874238
961,0.345810806363
962,0.813180934156
963,-1.12048167531
964,-0.97788826211
965,-0.232627752883
966,-0.083204848918
967,-1.71779579076
968,0.387002187984
969,0.887572336528
970,-1.84061698318
971,0.00442769626829
972,-0.284823411697
973,-0.413509913113
974,-0.134664431558
975,-0.77211245225
976,-0.808602951194
977,0.277739516047
978,0.597000688549
979,0.11447955326
980,1.45133927443
981,0.562924748534
982,0.2488386247
983,-0.467090743895
984,-0.676137523975
985,1.58617872327
986,0.297705262657
987,-0.346833578124
988,0.919212878765
989,0.490746228582
990,-0.164629885692
991,0.217993576216
992,-1.76794601699
993,0.671595141664
994,0.329326967162
995,0.562724716594
996,-1.15909213082
997,0.246462131562
998,0.512674150122
999,-0.438477508814
1000,0.264588414211
1001,-0.465585401958
1002,0.679832350474
1003,0.0498590260671
1004,-0.262986451867
1005,-0.0353393671417
1006,-0.647408318702
1007,0.397419980594
1008,-1.39328223944
1009,1.63495487584
1010,0.118572212998
1011,-0.0686978295941
1012,1.11982664733
1013,0.982621717952
1014,-0.247055898636
1015,-2.64613813068
1016,0.616507504182
1017,0.143556914866
1018,1.59676780958
1019,-1.00911298091
1020,-0.416884034226
1021,0.678742258237
1022,0.679468070752
1023,1.02690113439
1024,0.0845327791503
1025,0.6562966235
1026,-0.180027088186
1027,1.55160672582
1028,-2.58883401617
1029,-0.485476038375
1030,-1.56479968001
1031,-0.511890836836
1032,-0.788792708222
1033,-0.227414828355
1034,0.465587994722
1035,-1.76842864434
1036,-0.929478878725
1037,-1.65495066877
1038,-0.329178776642
1039,0.562674533556
1040,0.749460813377
1041,0.43512067801
1042,0.122352648331
1043,0.628250647717
1044,-0.158533953551
1045,-1.106891888
1046,-1.05273015257
1047,0.212157459208
1048,1.11893604566
1049,-1.09592678437
1050,0.0850093874693
1051,0.758791428841
1052,-0.340880711389
1053,-0.133725217493
1054,0.575183982069
1055,1.49443079234
1056,0.769943588986
1057,-1.88964338361
1058,-1.07422328813
1059,-0.878750578675
1060,-0.277882118375
1061,1.78859155254
1062,0.931053831266
1063,0.0319989518814
1064,-0.39116745852
1065,-0.426788661538
1066,0.284436580707
1067,-1.17291007087
1068,-1.35549129769
1069,0.299018950223
1070,1.04086040315
1071,-0.53443447578
1072,1.53358015751
1073,0.703882243213
1074,0.263446342778
1075,-0.576150571685
1076,-0.401327842399
1077,0.288426371874
1078,0.706966301924
1079,-1.08335687076
1080,0.410448902089
1081,-0.108052560041
1082,-0.531543838712
1083,-0.56326737341
1084,1.36689268076
1085,0.112098860874
1086,-0.0635563406515
1087,0.806706574808
1088,1.47154354567
1089,-2.10654829053
1090,-0.430102621628
1091,-0.0533987785216
1092,1.21285998894
1093,0.0114555828675
1094,-0.979576728394
1095,-0.635426568156
1096,0.559994809029
1097,-0.578642355786
1098,1.35168327343
1099,1.39004165464
1100,-1.24213007864
1101,-0.00864446781079
1102,1.77476939292
1103,-2.28814162072
1104,0.336971520846
1105,0.899387001298
1106,0.960674857539
1107,2.40478130672
1108,-1.00409764572
1109,-0.902316988813
1110,0.588765387796
1111,0.60501938653
1112,-0.761712573578
1113,-0.0547252964656
1114,2.7064181127
1115,-0.459090831165
1116,-1.14789963774
1117,-0.638589877135
1118,-0.331688890213
1119,2.21041836038
1120,-0.954761460115
1121,0.117977160995
1122,-0.836003398157
1123,-0.843089521129
1124,-1.42181046744
1125,0.156820051908
1126,-1.43468808101
1127,1.434705092
1128,0.224482713519
1129,-1.84781232726
1130,-0.291434904091
1131,-0.279915262113
1132,1.28441695654
1133,-0.490167254048
1134,-0.964409820897
1135,1.28250332132
1136,-1.38819138671
1137,-0.118736280463
1138,0.486690548762
1139,-0.35035290466
1140,1.31594860468
1141,-0.187360084896
1142,0.607151296913
1143,-0.241722614843
1144,-0.269507461718
1145,0.62982433536
1146,-1.07429131767
1147,-0.108295718323
1148,0.881698892196
1149,-1.15291723388
1150,0.484058256673
1151,0.638888035119
1152,0.0902523069376
1153,-0.852668726143
1154,-0.590073534711
1155,-1.45598218745
1156,0.509368636781
1157,-0.8321074043
1158,1.51445006889
1159,-0.102073347483
1160,-0.523868024314
1161,0.806151243381
1162,-0.163203448498
1163,0.541530617305
1164,1.01237159181
1165,0.464268443
1166,0.00280007959667
1167,-0.660350883106
1168,-0.806068487329
1169,2.00937306592
1170,-0.627240132208
1171,0.461569635801
1172,1.35679687024
1173,1.07632623137
1174,0.443151879462
1175,-0.774928367676
1176,0.075316968847
1177,0.109767711627
1178,1.50208929686
1179,0.720104883358
1180,-1.12594868745
1181,0.746644479208
1182,-1.66980776997
1183,-1.6349454352
1184,-0.779547157585
1185,1.04251878765
1186,0.0718596806479
1187,0.621744361625
1188,-0.121021500022
1189,-0.92877795621
1190,2.22902935825
1191,0.193227070212
1192,0.362419322587
1193,0.00106548697964
1194,-0.954455077312
1195,1.00810016375
1196,-1.078960073
1197,0.904502451577
1198,0.360474995594
1199,0.261514779535
1200,0.872085070055
1201,0.822135056425
1202,-0.385014904246
1203,0.310493495083
1204,1.14204928497
1205,-0.791309473976
1206,0.149348949746
1207,0.664180713476
1208,-0.0740526432665
1209,0.820502303106
1210,-0.459682354664
1211,0.205024844534
1212,-0.391982775193
1213,0.90719048999
1214,0.438030426531
1215,0.887120637606
1216,0.784327606343
1217,0.198649363439
1218,-0.342261464885
1219,-0.670275642021
1220,-0.0132534385315
1221,-0.0399162400888
1222,0.429210100473
1223,0.294304691059
1224,-0.615849547254
1225,-1.71796420484
1226,1.64873483447
1227,0.609562068638
1228,-0.464366948416
1229,0.107575435663
1230,-0.251145473347
1231,0.422017681278
1232,-0.682713684315
1233,-0.899220132767
1234,-0.285856473519
1235,-1.29639985888
1236,0.19191111922
1237,-0.709368056217
1238,1.2935646161
1239,0.687405849708
1240,-0.173818312021
1241,-2.00051457782
1242,0.227561060416
1243,0.698137615777
1244,-0.182754304986
1245,0.200444252168
1246,-2.11846234367
1247,0.0453802578215
1248,-0.347597920382
1249,0.622837932608
1250,0.744176117349
1251,-1.10980996105
1252,-0.322115930616
1253,-1.95922828267
1254,0.787483681881
1255,-0.641475304176
1256,3.33522177928
1257,0.702796299246
1258,-0.241984088006
1259,0.90871813529
1260,0.247021968414
1261,0.886594022097
1262,-1.51995269993
1263,0.287079577415
1264,-0.254954496346
1265,0.483702806693
1266,-0.554514215816
1267,-0.0755486459127
1268,-0.650268099576
1269,-0.698611368063
1270,1.52435615992
1271,-1.17181119919
1272,-1.27680132306
1273,-1.27804641064
1274,1.08962296733
1275,-0.290357171779
1276,-0.622579411929
1277,1.08053362254
1278,1.05616784575
1279,-1.03555380994
1280,1.23180297354
1281,-1.23340979696
1282,1.75370371794
1283,-1.35506758855
1284,-0.264979103283
1285,-0.56779777013
1286,0.231043746598
1287,1.52894583438
1288,-0.474822473427
1289,-0.743565923291
1290,1.56021745968
1291,0.243818463486
1292,0.933659917691
1293,-0.529460826167
1294,0.079787333556
1295,-0.141916577355
1296,1.40217698037
1297,0.0319561130635
1298,-0.387574376214
1299,-0.166761344754
1300,-0.684360558394
1301,-0.504471160392
1302,0.719753929377
1303,0.96579147588
1304,-0.67806067082
1305,0.631574386316
1306,-0.886345938306
1307,-0.718637667844
1308,0.484463690293
1309,-0.8133487629
1310,0.537024624744
1311,-0.820654135052
1312,-0.622474686368
1313,-0.210995862966
1314,0.70018796941
1315,-0.532128269875
1316,-0.692914374965
1317,-0.260686129877
1318,1.22081592901
1319,-0.0318750107424
1320,0.293285645967
1321,0.935688624742
1322,-0.0494248650671
1323,-0.15764305279
1324,0.589954529509
1325,2.02900421407
1326,-0.103256267429
1327,-0.224337193339
1328,-1.1701167512
1329,-1.10915875189
1330,-0.920405944756
1331,-0.251998174187
1332,-0.0875680122528
1333,-1.08837669223
1334,-2.84080384416
1335,1.19521132589
1336,-1.66726020218
1337,-0.42638476307
1338,0.675588649294
1339,-0.00639840909015
1340,0.501274863882
1341,-0.465349697491
1342,0.399212736233
1343,0.66994815221
1344,-1.29610306378
1345,0.0630730556679
1346,-0.184989864717
1347,1.30041775266
1348,0.465112543246
1349,-0.943182451162
1350,0.136445739407
1351,1.01988023303
1352,-0.275869841948
1353,-0.911721611492
1354,1.22238251505
1355,-1.0071458226
1356,1.57058449876
1357,-0.814178202563
1358,-1.32447392107
1359,-1.13476320517
1360,-1.09294585532
1361,-0.49272830786
1362,-2.15512326632
1363,1.51099708673
1364,-0.253829090986
1365,0.587320067201
1366,-0.607642585052
1367,-0.747289883152
1368,-0.34712972922
1369,0.728515313806
1370,1.44887122826
1371,0.629246598083
1372,-0.321191071123
1373,0.323508096993
1374,0.51747802658
1375,-0.259278511181
1376,-1.59264504986
1377,0.341323327519
1378,-0.359907986815
1379,-0.0201579745671
1380,-0.898370098025
1381,0.693598359311
1382,-1.59651672266
1383,1.7460762017
1384,0.987587178278
1385,-0.519294924217
1386,2.73164771811
1387,0.103854550346
1388,1.93114670795
1389,0.241043645089
1390,-1.6571973531
1391,-0.494788694778
1392,0.142858208177
1393,0.287860361807
1394,0.367343391981
1395,-1.34574836755
1396,1.27309643838
1397,-0.356966492314
1398,0.938606650806
1399,1.37783704759
1400,-0.445193502256
1401,0.676669298747
1402,-0.685385197552
1403,-1.05407665633
1404,1.97142483276
1405,-0.141486496777
1406,0.257046234856
1407,-0.56478474621
1408,2.5139952572
1409,1.46013208315
1410,-0.559562295919
1411,0.284285108221
1412,-0.15533848561
1413,-0.065429393054
1414,-0.423280898314
1415,-1.44234158454
1416,-0.0800794542536
1417,-1.1252675942
1418,0.187386317422
1419,0.27563031543
1420,-0.318080814116
1421,0.0245034087442
1422,-0.857846881867
1423,-1.08616860495
1424,-0.154449118834
1425,-0.0145083686418
1426,-0.523663403066
1427,-1.07338747214
1428,1.54615905355
1429,0.379419978727
1430,0.07555625312
1431,-0.339474900091
1432,-0.238350151547
1433,1.0011213301
1434,-0.86982713487
1435,-0.436756589431
1436,-0.971659867061
1437,-2.05486447376
1438,-0.561355400013
1439,-1.22387673862
1440,-0.733247718069
1441,0.202727290654
1442,0.650590906255
1443,-0.0631278514625
1444,-0.463920648087
1445,1.56842979007
1446,-0.142872229339
1447,-0.274129422893
1448,-0.890874072601
1449,1.96685088101
1450,0.538865599927
1451,0.490168567442
1452,0.806566333804
1453,-1.53498451267
1454,0.0306817632262
1455,-0.258798800334
1456,0.841452545077
1457,2.06203275577
1458,-0.244535458515
1459,-0.164440297845
1460,-0.0451909927284
1461,0.445472744278
1462,0.937732681025
1463,-0.853370758067
1464,0.516164724261
1465,-1.9048040061
1466,1.85854914186
1467,0.596501814144
1468,-0.490164855878
1469,-0.87652177447
1470,0.312885493045
1471,0.339284093366
1472,-0.51860469055
1473,-0.350611374334
1474,0.658872185152
1475,0.230478129623
1476,-1.09359832534
1477,-0.0172309187689
1478,1.05684337454
1479,-1.58186124721
1480,0.73777731457
1481,0.0805189524037
1482,-0.288273653421
1483,-0.215045637827
1484,1.32114394122
1485,-0.690473349168
1486,-1.42525401972
1487,-0.259464071033
1488,-1.39802113473
1489,2.62516757349
1490,0.154403839737
1491,1.19010371821
1492,-1.84544444981
1493,-0.0278133135443
1494,-0.0687035743608
1495,0.69078473626
1496,-0.685848825247
1497,-1.78869720825
1498,-0.35354973398
1499,-0.607512316133
1500,1.32057471583
1501,-0.455599685867
1502,0.170731895054
1503,0.345587545235
1504,-2.00495271099
1505,-0.289908245472
1506,-0.350255947669
1507,-1.44406228891
1508,-1.1604107635
1509,-0.837874986789
1510,-1.0897664494
1511,0.55797208668
1512,-0.768867174813
1513,0.135184277591
1514,-0.459611083395
1515,0.0213149170403
1516,-0.498672176104
1517,0.658124149307
1518,-0.502279591682
1519,-1.34714501163
1520,0.653692111481
1521,1.35873635609
1522,0.35708072693
1523,0.35343803224
1524,-0.0197205915759
1525,-1.2559735287
1526,-2.74593931521
1527,-1.24140359834
1528,1.17766543781
1529,0.0705682727774
1530,-0.140440319235
1531,-1.40169111434
1532,-0.0320348138576
1533,-0.427443108088
1534,0.722443179767
1535,0.853045864386
1536,1.71622801053
1537,1.7218495191
1538,0.359453846604
1539,-0.291976023967
1540,0.526948453397
1541,-0.727988857126
1542,1.01548306717
1543,0.501925134879
1544,0.0160676489306
1545,-1.5587314283
1546,0.0346028643255
1547,0.302277147164
1548,0.524506351108
1549,-1.2861655929
1550,-0.715370478466
1551,0.580947898708
1552,-0.680927292582
1553,-0.551089134036
1554,1.36337606666
1555,0.490642117849
1556,0.994656897213
1557,-0.545970233072
1558,-0.588414253168
1559,-0.302734357514
1560,-1.68422026774
1561,-0.413838856732
1562,-0.230095522512
1563,0.188388576899
1564,1.34164484555
1565,-0.519420484257
1566,1.56049428062
1567,1.1164139408
1568,1.52194726255
1569,0.741989399019
1570,1.58285878766
1571,-0.235335860555
1572,-1.08719651347
1573,-0.691662967627
1574,0.350623811397
1575,1.2310285103
1576,-0.337080569235
1577,-0.107783225754
1578,-0.257567339492
1579,-0.255315887194
1580,-1.15545456236
1581,1.38391517289
1582,0.0690639174251
1583,-0.0813629051576
1584,-0.302105133707
1585,0.446954306691
1586,-0.547463759861
1587,1.10129208213
1588,-0.0485853272984
1589,-0.164637953141
1590,2.35487573875
1591,0.711043484149
1592,0.112317958134
1593,-2.13611950467
1594,1.31957558063
1595,0.935722967782
1596,0.345776360699
1597,1.48275201014
1598,0.467122814336
1599,0.40679136892
1600,-0.0504055235953
1601,-0.0160810904074
1602,-0.839260366344
1603,0.329046614101
1604,-0.756849788847
1605,0.244591920862
1606,0.479293598714
1607,-0.288971144632
1608,-2.63402756315
1609,0.242278457844
1610,1.11503803215
1611,-0.0608515349219
1612,0.574430327085
1613,-0.101086497224
1614,0.944250993779
1615,-0.483736536137
1616,-0.149381089705
1617,0.964495750629
1618,0.966701926862
1619,0.58672056454
1620,-1.27948064985
1621,1.5338299942
1622,0.110455459588
1623,0.946020277732
1624,0.993038470796
1625,0.648583266306
1626,0.185002106613
1627,0.42132588961
1628,0.361787606577
1629,1.10322042738
1630,0.0802854850054
1631,-1.31427094681
1632,-0.0957999056309
1633,-2.24033312171
1634,0.545208865806
1635,-0.901674419548
1636,0.444177749216
1637,1.10882853362
1638,-1.18298664135
1639,1.89668918285
1640,0.112779573979
1641,-0.222436879097
1642,0.658249379459
1643,1.44257675179
1644,-0.609697345692
1645,-0.815614699635
1646,-0.00540258756683
1647,0.0222237701028
1648,0.0865755618266
1649,0.0770958066778
1650,-0.356459118536
1651,0.11680247594
1652,0.328481820456
1653,0.744472977721
1654,1.70063051638
1655,1.34016439859
1656,-2.77255372356
1657,-0.417887051975
1658,2.55787838258
1659,-0.345523773957
1660,-0.824732762077
1661,-0.519204687279
1662,-0.368052508681
1663,-0.549521411988
1664,-0.262458593323
1665,0.310973490907
1666,0.851868161856
1667,0.162612289546
1668,-0.00845155590473
1669,0.782379455998
1670,-0.0554713770146
1671,-1.14785119622
1672,-1.08151433238
1673,0.0143121332624
1674,-0.0142730628751
1675,0.179542362849
1676,-0.438965993219
1677,1.25063089032
1678,0.508300137946
1679,-0.382686102564
1680,-0.203008014223
1681,-0.712858105244
1682,0.978033308154
1683,0.309301029572
1684,0.542091381016
1685,-1.13376750429
1686,0.297319113241
1687,-0.472127343727
1688,-0.425063992676
1689,0.290159042568
1690,0.760974144953
1691,0.535982013621
1692,0.470605998797
1693,-0.535904012264
1694,-2.34683913435
1695,-0.358441705684
1696,-0.270703254438
1697,1.45634952444
1698,-0.37237423293
1699,-1.18755253412
1700,-0.159397147097
1701,-0.161286374343
1702,-0.0879935902895
1703,-1.42278963674
1704,-0.350675389848
1705,-1.31738243577
1706,0.218073015541
1707,-2.26809819873
1708,-0.0874315427209
1709,-1.27123612543
1710,1.89212186018
1711,-0.947602906764
1712,-2.69907772418
1713,0.206037693133
1714,-0.286162983507
1715,-1.16852239864
1716,-0.199316862847
1717,2.43788706839
1718,0.141915448638
1719,-0.234101169664
1720,1.25095833623
1721,-2.78426307903
1722,-0.0216208278409
1723,0.461776252408
1724,-0.145217918398
1725,-1.78214746568
1726,-0.249016441397
1727,-1.43330117537
1728,-0.819403077346
1729,2.00560779617
1730,-0.508263056193
1731,-2.16539172662
1732,1.58048863069
1733,-0.0716382360519
1734,-0.903112022471
1735,-0.952662294317
1736,-0.218882035856
1737,0.133323346835
1738,-0.605043184598
1739,1.03542237382
1740,0.429047660283
1741,2.54355122583
1742,1.39854729039
1743,1.35550320529
1744,2.13256854474
1745,0.718513522671
1746,-1.673396239
1747,-2.19202161649
1748,2.33987623269
1749,-0.707357425021
1750,0.698868893473
1751,0.31899278198
1752,0.545166629291
1753,0.136691276263
1754,-0.268959056562
1755,-1.27705298931
1756,-0.216419125879
1757,-1.48105040133
1758,1.37655847702
1759,-1.00343409322
1760,-0.736732825801
1761,-0.332543876816
1762,-0.285059866663
1763,1.5066285402
1764,0.444087177141
1765,1.01394229604
1766,0.925666427726
1767,-0.0194347466597
1768,-0.071542776618
1769,-0.363904288417
1770,0.0913336168831
1771,0.612248603741
1772,0.605137581994
1773,-1.15561071728
1774,0.0538139272139
1775,-0.297575597407
1776,-0.471295749493
1777,-0.837856440693
1778,0.160315547231
1779,-1.273763155
1780,0.597738870155
1781,0.96822528294
1782,-2.27998335663
1783,0.0485943385707
1784,-0.195243167259
1785,0.19076858141
1786,-2.13328003048
1787,0.26199522769
1788,0.644336148661
1789,-0.830139931037
1790,1.57809552329
1791,0.321040875996
1792,1.01118448424
1793,0.545599506175
1794,-0.201084095803
1795,-0.583779088553
1796,-0.448398064704
1797,-0.502428819714
1798,0.133611183747
1799,-0.939782165104
1800,0.206832564251
1801,-2.02514955495
1802,0.598992134942
1803,0.829859901625
1804,1.56305668017
1805,0.371045337879
1806,0.201936166739
1807,1.24931765989
1808,0.345002238218
1809,0.81117642675
1810,-0.661858735654
1811,-0.78704893287
1812,0.455564563294
1813,-1.63318533427
1814,-0.322309852077
1815,-0.860285827229
1816,0.498487473524
1817,-0.955223371582
1818,-0.261223904624
1819,1.1267850912
1820,-0.0278947101583
1821,-0.187852502027
1822,0.387144748267
1823,0.510131290964
1824,-0.451337667307
1825,-0.806925874914
1826,-1.72898729458
1827,-1.82891927316
1828,-0.40909677521
1829,-0.674493807429
1830,-0.930817905577
1831,-0.0567091412929
1832,0.701717454195
1833,-0.698744725073
1834,-0.662013274981
1835,-0.140353853401
1836,-0.34096765974
1837,0.883903342202
1838,-0.197620320132
1839,-0.729140917503
1840,-2.30443121347
1841,-0.832427092175
1842,-2.14724752556
1843,1.41624585341
1844,-0.41772635116
1845,0.301234254881
1846,0.420362431645
1847,-0.541752335929
1848,0.897417331096
1849,-1.61091363599
1850,1.01655307707
1851,-0.292139972657
1852,0.370352074071
1853,0.667374296311
1854,0.21120791558
1855,0.0747086380496
1856,-0.203141739724
1857,-0.673623951727
1858,-1.71216303325
1859,0.11437383744
1860,1.40904634515
1861,0.530575565226
1862,1.98984495602
1863,-0.14347149184
1864,-0.523346289384
1865,-0.366379319953
1866,-0.566395398418
1867,0.239793194292
1868,-0.153120868282
1869,0.72217198038
1870,-2.03423653051
1871,-0.299451060289
1872,0.436516430173
1873,0.521726510911
1874,-0.344229526428
1875,1.21739587361
1876,-0.3308424425
1877,0.547842656225
1878,0.519967942307
1879,0.841742055584
1880,-1.11553982207
1881,0.593482088069
1882,0.479692575622
1883,-0.941105268894
1884,-1.42588866499
1885,0.86598227013
1886,-1.69647202594
1887,-0.114322665017
1888,-0.642723689616
1889,-0.118649079575
1890,-0.149349215451
1891,-0.173068914568
1892,2.64717841634
1893,0.645869748395
1894,-1.36680800503
1895,1.29667599839
1896,-1.8104825088
1897,0.716786530972
1898,-0.787764655652
1899,1.7469298089
1900,-0.0138143032547
1901,-1.36985364715
1902,0.526052993796
1903,-0.739599895652
1904,-1.26859520478
1905,-0.908388978646
1906,-0.944245684839
1907,0.16810527636
1908,0.0592313399039
1909,-0.448415954967
1910,-0.868954967801
1911,-0.594265719081
1912,-1.10275048429
1913,-0.498114510673
1914,1.38608600995
1915,-0.120521725648
1916,0.221095635432
1917,-2.06769967252
1918,-1.09547289107
1919,-0.0443160704661
1920,1.04642620046
1921,0.343211453085
1922,-0.367700707032
1923,0.0226255394975
1924,0.516748471055
1925,1.67456799815
1926,0.289405488136
1927,-0.605344756486
1928,1.38139846966
1929,-1.11094472368
1930,-0.170295013184
1931,2.57091786719
1932,-0.899456872334
1933,-0.923875370894
1934,0.0442814081494
1935,-0.114037798677
1936,-0.0228879191534
1937,0.727266429877
1938,-1.97835835852
1939,0.127189399978
1940,-0.764214380898
1941,0.467077640003
1942,0.334161489682
1943,-1.18013623252
1944,0.259029008856
1945,-0.197834407104
1946,0.0557728104837
1947,0.449374714516
1948,0.00228793363505
1949,-1.36076815668
1950,0.659192827712
1951,1.91140059891
1952,-0.383898739878
1953,0.702731415578
1954,0.603855523276
1955,-0.708369293771
1956,-0.735577182902
1957,0.043305017374
1958,-1.03803134232
1959,-0.00759558380567
1960,-0.709701135191
1961,-0.372234355098
1962,0.346269867112
1963,-1.6972414059
1964,-0.116773662369
1965,0.466096392757
1966,0.723059109336
1967,-0.679224954622
1968,1.01909052109
1969,0.973447026337
1970,0.202351849667
1971,0.287046691402
1972,0.872789830142
1973,-1.30420662401
1974,-0.111185403611
1975,0.0519187105303
1976,1.48890105091
1977,1.39291297051
1978,0.322623574531
1979,0.748287934168
1980,-0.833193633552
1981,0.375938289889
1982,0.30619251172
1983,0.0671265027959
1984,0.205847098361
1985,-0.905605324094
1986,0.377755980806
1987,-0.638177838987
1988,-0.299498836805
1989,-0.920975413101
1990,-0.425393954414
1991,-0.180735741519
1992,-1.10350173933
1993,2.13079509272
1994,-0.132893313861
1995,0.00461588321901
1996,0.630531256913
1997,-0.835461747278
1998,0.552284853235
1999,-0.822178453705
2000,1.1324724197
2001,1.33826383599
2002,-0.333079795784
2003,-0.106465987545
2004,-0.561481066075
2005,-0.553689687076
2006,0.171643240711
2007,-1.59524544955
2008,-1.08941163004
2009,0.336493823774
2010,-0.229087230631
2011,-0.482279754095
2012,0.658132058139
2013,-1.7112689921
2014,-0.161155758281
2015,-1.99141013653
2016,-0.785130179899
2017,-0.410297722964
2018,0.13214229192
2019,-0.629557879167
2020,-0.368691779825
2021,-0.538199469152
2022,0.688830095844
2023,-0.742526197225
2024,0.968676861023
2025,0.846384361133
2026,0.843729409572
2027,0.03107358063
2028,-2.44678542797
2029,-0.320970064424
2030,1.3483289099
2031,1.88728840432
2032,0.832556623482
2033,-1.18892924451
2034,-0.200129533456
2035,0.780228105907
2036,0.489688194888
2037,-0.0562899648342
2038,0.781440445878
2039,-0.269541807874
2040,0.635821334945
2041,0.0364732995021
2042,-0.171579859093
2043,-1.08926009348
2044,1.27170846656
2045,-0.852888626247
2046,0.730629515226
2047,-0.42272380638
2048,0.599243577014
2049,-0.880082816649
2050,-0.582371993198
2051,-1.44433369339
2052,-0.0944238235804
2053,0.396058637021
2054,-0.202509783583
2055,1.51161036754
2056,-0.82045429843
2057,0.332211941739
2058,1.61889988981
2059,0.1595648473
2060,-0.693407245601
2061,-1.05490726819
2062,-0.771894975988
2063,-1.22926373511
2064,-0.125743759535
2065,1.19047234083
2066,1.05707477426
2067,0.354820793576
2068,0.0594494012871
2069,-1.59160386803
2070,0.138011454578
2071,0.0128609021155
2072,-1.1627450716
2073,-0.36256219043
2074,1.74002444222
2075,-0.0750098431364
2076,-0.297153004962
2077,1.60610025593
2078,1.09038859309
2079,-0.490758023787
2080,0.0569628503595
2081,-1.15891267031
2082,-1.03325491289
2083,0.79995572107
2084,-1.52449726957
2085,0.248826121569
2086,-0.378903413862
2087,0.93907719288
2088,0.133665117329
2089,0.803408925693
2090,-0.507872650541
2091,0.539086396764
2092,-0.932247139158
2093,-1.12081884887
2094,0.249975487976
2095,-1.19842881568
2096,0.0678021013888
2097,0.39010791811
2098,0.17479452896
2099,0.519097001429
2100,-0.613864739324
2101,-0.729438552188
2102,-0.71400423337
2103,0.445424250852
2104,-0.793119051455
2105,-0.248336214597
2106,1.62624366021
2107,0.665311732851
2108,-0.0723824385584
2109,1.05921152777
2110,0.549249618937
2111,0.984534635223
2112,-0.287995842581
2113,-0.0147765793013
2114,0.656728180067
2115,1.28861596977
2116,-0.596446604189
2117,0.884964135471
2118,0.51965002762
2119,0.129093498288
2120,-0.285442003372
2121,-0.633567393956
2122,1.72348743046
2123,-1.68937366885
2124,1.13899869685
2125,-2.49659617524
2126,0.378137816313
2127,1.16923859384
2128,-2.94973652456
2129,0.172221734248
2130,-0.377907398865
2131,1.48934290181
2132,0.793539858331
2133,0.509160100549
2134,-0.256100573311
2135,-1.41520968326
2136,1.45307714736
2137,-1.78992251273
2138,-0.131178986111
2139,-1.3225178155
2140,0.692445281904
2141,0.652770076979
2142,-0.890613606413
2143,0.267607448368
2144,-0.680787456974
2145,-0.354327153503
2146,1.4991077859
2147,-1.4950064467
2148,-1.75186064101
2149,0.513943799616
2150,-0.0324401974243
2151,-0.0800564080225
2152,0.240556385763
2153,0.360333314185
2154,-1.33946903779
2155,0.527741854468
2156,-0.741638156636
2157,-2.17216076806
2158,-0.824690880021
2159,-0.211808822225
2160,-0.602336320322
2161,1.09031420275
2162,-1.14393281102
2163,-2.24115040194
2164,-1.01483981285
2165,0.864647433068
2166,-2.09983734488
2167,0.752201467543
2168,-1.99655783608
2169,0.161175280223
2170,0.25697778097
2171,0.487866367901
2172,-0.816695887599
2173,-0.526646443366
2174,0.593416205648
2175,-0.928503243444
2176,0.846266530968
2177,0.674279532574
2178,-0.366089152344
2179,-0.966811661664
2180,0.437707430313
2181,0.272523891653
2182,0.103262561484
2183,0.219290238435
2184,-1.22072994074
2185,0.666490527175
2186,0.749901372482
2187,0.984967373067
2188,0.0744099472276
2189,2.22327607931
2190,1.21728563504
2191,-0.257884750211
2192,-0.651425643994
2193,0.532135648526
2194,-0.961505958137
2195,1.0599894132
2196,-1.11282460443
2197,0.598651102131
2198,0.921850789873
2199,0.447431610533
2200,-0.146390741277
2201,0.305302594872
2202,0.396129300018
2203,-1.21529076853
2204,0.88635488811
2205,-0.0301974630788
2206,-0.238860769939
2207,-1.20843004622
2208,2.40226526773
2209,0.839080493242
2210,0.620522884983
2211,-0.938597672801
2212,1.34886719202
2213,0.815294119816
2214,0.627854438008
2215,1.53615245361
2216,0.989728713926
2217,0.47194288421
2218,0.159288364947
2219,0.457552656176
2220,0.17246334858
2221,0.610205621695
2222,-0.677458950594
2223,-0.790457145322
2224,1.18325917722
2225,-0.0259680141643
2226,-1.42467971006
2227,0.00265371852333
2228,2.91296207824
2229,-0.144479501754
2230,-0.25800155415
2231,-0.528180924354
2232,1.90433462699
2233,-2.10144730983
2234,0.320739927911
2235,0.241197745754
2236,-0.623644990191
2237,-0.0774608064672
2238,0.278175037634
2239,-0.743931008526
2240,-0.841231439348
2241,0.109408435281
2242,-0.420313698722
2243,-1.22979804052
2244,0.206060673442
2245,-0.862029180915
2246,-1.62924663252
2247,-1.76154876233
2248,0.228720413843
2249,-0.13602950243
2250,-0.477728971472
2251,-0.271678805165
2252,0.673774399003
2253,0.70310311266
2254,-0.443233351513
2255,0.193657114396
2256,0.298759894347
2257,-0.43213765038
2258,0.0725821600129
2259,0.303908403638
2260,-0.436347172167
2261,0.525118958556
2262,-0.0563376504286
2263,-0.876577775836
2264,-0.41798096552
2265,0.425389137046
2266,-1.76001043044
2267,-0.68481312281
2268,-0.887734769451
2269,-0.910018418384
2270,1.21765009655
2271,-0.526236591582
2272,0.476823921379
2273,-0.597749874851
2274,-0.589368126406
2275,0.318069768107
2276,-0.988377649581
2277,1.33863914627
2278,0.464295862753
2279,0.91213224905
2280,-2.88503509628
2281,1.09305102541
2282,0.707281411639
2283,-1.13219228689
2284,-0.504743298262
2285,2.04533135446
2286,2.21990596502
2287,0.88291837834
2288,0.530011507976
2289,0.38215828455
2290,-0.469572526107
2291,-0.0445001496768
2292,1.5599891829
2293,1.73672996314
2294,-0.38493902356
2295,-0.539584084209
2296,1.76591626349
2297,-0.964604943876
2298,2.12679743314
2299,0.855191735935
2300,-0.382227128632
2301,-0.435717062769
2302,0.314512339984
2303,1.00252561018
2304,-0.116108945877
2305,0.317691878395
2306,0.982190180898
2307,-0.369159635672
2308,-0.99013252559
2309,-1.02140837456
2310,0.300550046221
2311,2.69951021691
2312,1.8151781455
2313,0.599202239596
2314,0.636782819932
2315,1.37227680886
2316,1.89329238054
2317,0.311189342922
2318,-0.0998429682876
2319,1.02813545015
2320,0.175884689176
2321,-0.418947074043
2322,0.581105305626
2323,-0.70352945155
2324,-0.331277922973
2325,-1.29724456778
2326,1.00214137499
2327,-0.762992578611
2328,1.38500751498
2329,-0.510809767196
2330,0.337834388377
2331,1.75104608608
2332,-0.0921837106272
2333,1.46982182711
2334,-2.10576985039
2335,-0.258813071259
2336,0.520503284441
2337,-0.190765363361
2338,1.51313161232
2339,1.06268398897
2340,0.647818225441
2341,-2.06251701592
2342,0.387941711002
2343,0.315860181263
2344,0.0222192002294
2345,1.12044977727
2346,0.902981805092
2347,-0.372761612349
2348,-0.804342158673
2349,-0.391263852369
2350,1.65376941085
2351,-0.146436291015
2352,1.6191517868
2353,1.54974891735
2354,-1.27108084945
2355,0.79704853974
2356,-0.184781285575
2357,0.615363094788
2358,2.75812817927
2359,0.342127518405
2360,0.82362196032
2361,0.0998695201219
2362,0.58807089749
2363,1.09864149969
2364,-2.66455282554
2365,0.605623568613
2366,0.694250005321
2367,-0.277644839679
2368,-0.705675955489
2369,-0.45210195896
2370,0.681301131913
2371,-0.335383402055
2372,-0.734904582181
2373,-0.162467427987
2374,-0.0549875773583
2375,1.02151183044
2376,0.440202818725
2377,0.217207275497
2378,0.443158924483
2379,0.517204168354
2380,0.954299129544
2381,0.39777455336
2382,-0.713973944331
2383,-0.391362376015
2384,-0.651287286446
2385,1.18608712764
2386,0.455697597912
2387,-0.595391129341
2388,-0.0609657308095
2389,0.167571119985
2390,-1.54040290603
2391,-1.04898448567
2392,-0.410559370979
2393,0.99610575318
2394,-1.45966594814
2395,-1.33967380933
2396,-0.424035138115
2397,1.014881985
2398,0.743796382439
2399,0.477866517776
2400,-0.607193207119
2401,-0.837078779713
2402,-0.791386191235
2403,-1.24178283487
2404,0.132968699733
2405,3.02287676445
2406,0.240423703715
2407,0.0376601905095
2408,0.386827564581
2409,-0.591503536433
2410,-2.60014263395
2411,1.17164651885
2412,-0.0869683639642
2413,-0.168383647664
2414,-0.564472341513
2415,-0.603886333497
2416,1.19805059391
2417,0.526654427098
2418,1.68672900178
2419,-0.732020886993
2420,0.248429416631
2421,0.412542323154
2422,-0.548649671645
2423,0.316823404718
2424,-0.53928810119
2425,-0.0893664897653
2426,3.87240944967
2427,-1.28216608146
2428,0.113280295452
2429,-1.34639631598
2430,1.04831334696
2431,0.271563779183
2432,0.655658113754
2433,-0.297521685506
2434,-0.833263114286
2435,0.222052678456
2436,-0.113808734394
2437,-0.208067273464
2438,0.091299360457
2439,1.51094007394
2440,-0.609875396556
2441,-0.519849748256
2442,1.02029584438
2443,-0.319157005908
2444,-2.23834181324
2445,-1.16850394333
2446,0.258509215068
2447,-0.606662697223
2448,1.64555574565
2449,-0.111303245604
2450,-0.834442805433
2451,-2.04833843895
2452,1.50569358466
2453,0.654209113945
2454,-0.189723375088
2455,-0.772784848939
2456,1.66154647397
2457,-0.0213573600163
2458,0.528700417524
2459,0.88357736183
2460,-1.07856032021
2461,-1.62764628195
2462,-0.913272635344
2463,-0.449463038963
2464,-0.128379310405
2465,-1.72259455599
2466,-0.821235576997
2467,-0.147445287442
2468,-0.221455220812
2469,0.0370122317932
2470,-0.0592582601262
2471,1.05811481125
2472,0.83094509634
2473,0.163897499181
2474,0.778164149541
2475,-0.00500403203487
2476,0.930590309558
2477,0.493238601724
2478,-0.404465950555
2479,-0.139433645275
2480,0.6999574088
2481,1.53533689879
2482,-0.0190355559127
2483,0.0130101006248
2484,0.526865758179
2485,-1.42068530898
2486,1.02368301329
2487,-0.468760051481
2488,0.213910910672
2489,0.148162734082
2490,-0.177814682624
2491,-0.269923713862
2492,-1.51502509045
2493,0.680596142268
2494,-1.30868100468
2495,-0.852542534625
2496,-0.375513870148
2497,0.448021649484
2498,1.40468845187
2499,-0.342601812475
2500,-0.855600289444
2501,-0.317161957344
2502,-0.145174324625
2503,0.759143422188
2504,-0.330619512394
2505,-0.240192461365
2506,0.774836514925
2507,-0.461525915267
2508,0.671524066617
2509,-0.836898184748
2510,-0.168412753556
2511,-1.11133681689
2512,-1.88042713127
2513,-0.774539037283
2514,0.919206772505
2515,0.460556646735
2516,-0.97562412562
2517,3.44433480157
2518,-1.00991899758
2519,0.184541187453
2520,0.658944453371
2521,-0.331879604321
2522,-0.533400195996
2523,0.823945856266
2524,-0.197033562186
2525,0.825480245719
2526,-0.273488284124
2527,-0.883889585097
2528,0.366883319253
2529,0.575522077392
2530,-0.560825912432
2531,-1.02321275317
2532,-0.585268773904
2533,-0.110903345885
2534,0.475409241716
2535,-0.121744344231
2536,-0.281633991162
2537,2.25855603911
2538,0.506579743817
2539,-2.81521262484
2540,-1.65890420653
2541,0.955779213661
2542,-0.172287835361
2543,-0.00608173825956
2544,0.801497069728
2545,0.775175705213
2546,0.721737901283
2547,-1.06158451862
2548,0.137750679678
2549,0.849819931268
2550,-0.403052461463
2551,1.3400991531
2552,-0.563491601398
2553,-0.185468108845
2554,-0.538737898677
2555,1.42975620981
2556,-2.12822515395
2557,1.04249041209
2558,-0.523320717073
2559,1.32639148438
2560,-0.129170034999
2561,2.02909158815
2562,0.227095165677
2563,-0.436110964431
2564,0.168116297425
2565,1.09264936304
2566,-2.13544770121
2567,0.331113212875
2568,-1.36503012048
2569,0.348676471299
2570,-0.558440392317
2571,-0.149143081374
2572,0.791459885834
2573,0.498644760895
